stay_segment,number_of_reviews,average_rating,high_satisfaction_share
1 night,40672,3.0513375295043272,0.47639653815892996
2-3 nights,37165,3.1491726086371585,0.5064711422036863
4-7 nights,14367,3.260597201921069,0.5476439061738707
More than 1 week,1427,3.207428170988087,0.5318850735809391
